epoch,time,train/box_loss,train/cls_loss,train/dfl_loss,metrics/precision(B),metrics/recall(B),metrics/mAP50(B),metrics/mAP50-95(B),val/box_loss,val/cls_loss,val/dfl_loss,lr/pg0,lr/pg1,lr/pg2
1,201.894,1.62474,2.44744,1.49195,0.4413,0.26531,0.2739,0.13835,1.65484,2.7008,1.48618,0.000656716,0.000656716,0.000656716
2,404.808,1.54313,1.96853,1.44352,0.51625,0.36443,0.40482,0.21345,1.63344,2.37991,1.65393,0.00129718,0.00129718,0.00129718
3,621.977,1.66125,1.98083,1.54735,0.45614,0.34111,0.33887,0.15115,1.8363,3.74078,1.76655,0.00191124,0.00191124,0.00191124
4,815.243,1.65303,1.88482,1.52389,0.37019,0.36443,0.28305,0.1333,1.93164,2.5355,1.83725,0.0018812,0.0018812,0.0018812
5,1076.58,1.58169,1.75963,1.50605,0.58857,0.51603,0.56857,0.28839,1.60683,1.93542,1.56046,0.0018416,0.0018416,0.0018416
